<?xml version="1.0" encoding="utf-8"?>
<merger version="3"><dataSet config="main$Generated" generated="true"><source path="C:\Users\Rachel\Desktop\Testing\app\src\androidTest\res"/><source path="C:\Users\Rachel\Desktop\Testing\app\build\generated\res\rs\androidTest\debug"/><source path="C:\Users\Rachel\Desktop\Testing\app\build\generated\res\resValues\androidTest\debug"/></dataSet><dataSet config="main" generated-set="main$Generated"><source path="C:\Users\Rachel\Desktop\Testing\app\src\androidTest\res"/><source path="C:\Users\Rachel\Desktop\Testing\app\build\generated\res\rs\androidTest\debug"/><source path="C:\Users\Rachel\Desktop\Testing\app\build\generated\res\resValues\androidTest\debug"/></dataSet><mergedItems/></merger>