[
    {
        "outputFile": "C:\\Users\\Rachel\\Desktop\\Testing\\app\\build\\intermediates\\res\\merged\\debug\\values-is-rIS\\values-is-rIS.xml",
        "map": [
            {
                "to": {
                    "startLine": 2,
                    "startColumn": 4,
                    "startOffset": 55,
                    "endColumn": 99,
                    "endOffset": 150
                },
                "from": {
                    "file": "C:\\Users\\Rachel\\Desktop\\Testing\\app\\build\\intermediates\\exploded-aar\\com.android.support\\appcompat-v7\\23.1.1\\res\\values-is-rIS\\values-is-rIS.xml",
                    "position": {
                        "startLine": 4,
                        "startColumn": 4,
                        "startOffset": 233,
                        "endColumn": 99,
                        "endOffset": 328
                    }
                }
            },
            {
                "to": {
                    "startLine": 3,
                    "startColumn": 4,
                    "startOffset": 155,
                    "endColumn": 107,
                    "endOffset": 258
                },
                "from": {
                    "file": "C:\\Users\\Rachel\\Desktop\\Testing\\app\\build\\intermediates\\exploded-aar\\com.android.support\\appcompat-v7\\23.1.1\\res\\values-is-rIS\\values-is-rIS.xml",
                    "position": {
                        "startLine": 5,
                        "startColumn": 4,
                        "startOffset": 333,
                        "endColumn": 107,
                        "endOffset": 436
                    }
                }
            },
            {
                "to": {
                    "startLine": 4,
                    "startColumn": 4,
                    "startOffset": 263,
                    "endColumn": 122,
                    "endOffset": 381
                },
                "from": {
                    "file": "C:\\Users\\Rachel\\Desktop\\Testing\\app\\build\\intermediates\\exploded-aar\\com.android.support\\appcompat-v7\\23.1.1\\res\\values-is-rIS\\values-is-rIS.xml",
                    "position": {
                        "startLine": 6,
                        "startColumn": 4,
                        "startOffset": 441,
                        "endColumn": 122,
                        "endOffset": 559
                    }
                }
            },
            {
                "to": {
                    "startLine": 5,
                    "startColumn": 4,
                    "startOffset": 386,
                    "endColumn": 96,
                    "endOffset": 478
                },
                "from": {
                    "file": "C:\\Users\\Rachel\\Desktop\\Testing\\app\\build\\intermediates\\exploded-aar\\com.android.support\\appcompat-v7\\23.1.1\\res\\values-is-rIS\\values-is-rIS.xml",
                    "position": {
                        "startLine": 7,
                        "startColumn": 4,
                        "startOffset": 564,
                        "endColumn": 96,
                        "endOffset": 656
                    }
                }
            },
            {
                "to": {
                    "startLine": 6,
                    "startColumn": 4,
                    "startOffset": 483,
                    "endColumn": 111,
                    "endOffset": 590
                },
                "from": {
                    "file": "C:\\Users\\Rachel\\Desktop\\Testing\\app\\build\\intermediates\\exploded-aar\\com.android.support\\appcompat-v7\\23.1.1\\res\\values-is-rIS\\values-is-rIS.xml",
                    "position": {
                        "startLine": 8,
                        "startColumn": 4,
                        "startOffset": 661,
                        "endColumn": 111,
                        "endOffset": 768
                    }
                }
            },
            {
                "to": {
                    "startLine": 7,
                    "startColumn": 4,
                    "startOffset": 595,
                    "endColumn": 84,
                    "endOffset": 675
                },
                "from": {
                    "file": "C:\\Users\\Rachel\\Desktop\\Testing\\app\\build\\intermediates\\exploded-aar\\com.android.support\\appcompat-v7\\23.1.1\\res\\values-is-rIS\\values-is-rIS.xml",
                    "position": {
                        "startLine": 9,
                        "startColumn": 4,
                        "startOffset": 773,
                        "endColumn": 84,
                        "endOffset": 853
                    }
                }
            },
            {
                "to": {
                    "startLine": 8,
                    "startColumn": 4,
                    "startOffset": 680,
                    "endColumn": 100,
                    "endOffset": 776
                },
                "from": {
                    "file": "C:\\Users\\Rachel\\Desktop\\Testing\\app\\build\\intermediates\\exploded-aar\\com.android.support\\appcompat-v7\\23.1.1\\res\\values-is-rIS\\values-is-rIS.xml",
                    "position": {
                        "startLine": 10,
                        "startColumn": 4,
                        "startOffset": 858,
                        "endColumn": 100,
                        "endOffset": 954
                    }
                }
            },
            {
                "to": {
                    "startLine": 9,
                    "startColumn": 4,
                    "startOffset": 781,
                    "endColumn": 113,
                    "endOffset": 890
                },
                "from": {
                    "file": "C:\\Users\\Rachel\\Desktop\\Testing\\app\\build\\intermediates\\exploded-aar\\com.android.support\\appcompat-v7\\23.1.1\\res\\values-is-rIS\\values-is-rIS.xml",
                    "position": {
                        "startLine": 11,
                        "startColumn": 4,
                        "startOffset": 959,
                        "endColumn": 113,
                        "endOffset": 1068
                    }
                }
            },
            {
                "to": {
                    "startLine": 10,
                    "startColumn": 4,
                    "startOffset": 895,
                    "endColumn": 79,
                    "endOffset": 970
                },
                "from": {
                    "file": "C:\\Users\\Rachel\\Desktop\\Testing\\app\\build\\intermediates\\exploded-aar\\com.android.support\\appcompat-v7\\23.1.1\\res\\values-is-rIS\\values-is-rIS.xml",
                    "position": {
                        "startLine": 12,
                        "startColumn": 4,
                        "startOffset": 1073,
                        "endColumn": 79,
                        "endOffset": 1148
                    }
                }
            },
            {
                "to": {
                    "startLine": 11,
                    "startColumn": 4,
                    "startOffset": 975,
                    "endColumn": 79,
                    "endOffset": 1050
                },
                "from": {
                    "file": "C:\\Users\\Rachel\\Desktop\\Testing\\app\\build\\intermediates\\exploded-aar\\com.android.support\\appcompat-v7\\23.1.1\\res\\values-is-rIS\\values-is-rIS.xml",
                    "position": {
                        "startLine": 13,
                        "startColumn": 4,
                        "startOffset": 1153,
                        "endColumn": 79,
                        "endOffset": 1228
                    }
                }
            },
            {
                "to": {
                    "startLine": 12,
                    "startColumn": 4,
                    "startOffset": 1055,
                    "endColumn": 80,
                    "endOffset": 1131
                },
                "from": {
                    "file": "C:\\Users\\Rachel\\Desktop\\Testing\\app\\build\\intermediates\\exploded-aar\\com.android.support\\appcompat-v7\\23.1.1\\res\\values-is-rIS\\values-is-rIS.xml",
                    "position": {
                        "startLine": 14,
                        "startColumn": 4,
                        "startOffset": 1233,
                        "endColumn": 80,
                        "endOffset": 1309
                    }
                }
            },
            {
                "to": {
                    "startLine": 13,
                    "startColumn": 4,
                    "startOffset": 1136,
                    "endColumn": 109,
                    "endOffset": 1241
                },
                "from": {
                    "file": "C:\\Users\\Rachel\\Desktop\\Testing\\app\\build\\intermediates\\exploded-aar\\com.android.support\\appcompat-v7\\23.1.1\\res\\values-is-rIS\\values-is-rIS.xml",
                    "position": {
                        "startLine": 15,
                        "startColumn": 4,
                        "startOffset": 1314,
                        "endColumn": 109,
                        "endOffset": 1419
                    }
                }
            },
            {
                "to": {
                    "startLine": 14,
                    "startColumn": 4,
                    "startOffset": 1246,
                    "endColumn": 107,
                    "endOffset": 1349
                },
                "from": {
                    "file": "C:\\Users\\Rachel\\Desktop\\Testing\\app\\build\\intermediates\\exploded-aar\\com.android.support\\appcompat-v7\\23.1.1\\res\\values-is-rIS\\values-is-rIS.xml",
                    "position": {
                        "startLine": 16,
                        "startColumn": 4,
                        "startOffset": 1424,
                        "endColumn": 107,
                        "endOffset": 1527
                    }
                }
            },
            {
                "to": {
                    "startLine": 15,
                    "startColumn": 4,
                    "startOffset": 1354,
                    "endColumn": 97,
                    "endOffset": 1447
                },
                "from": {
                    "file": "C:\\Users\\Rachel\\Desktop\\Testing\\app\\build\\intermediates\\exploded-aar\\com.android.support\\appcompat-v7\\23.1.1\\res\\values-is-rIS\\values-is-rIS.xml",
                    "position": {
                        "startLine": 17,
                        "startColumn": 4,
                        "startOffset": 1532,
                        "endColumn": 97,
                        "endOffset": 1625
                    }
                }
            },
            {
                "to": {
                    "startLine": 16,
                    "startColumn": 4,
                    "startOffset": 1452,
                    "endColumn": 108,
                    "endOffset": 1556
                },
                "from": {
                    "file": "C:\\Users\\Rachel\\Desktop\\Testing\\app\\build\\intermediates\\exploded-aar\\com.android.support\\appcompat-v7\\23.1.1\\res\\values-is-rIS\\values-is-rIS.xml",
                    "position": {
                        "startLine": 18,
                        "startColumn": 4,
                        "startOffset": 1630,
                        "endColumn": 108,
                        "endOffset": 1734
                    }
                }
            },
            {
                "to": {
                    "startLine": 17,
                    "startColumn": 4,
                    "startOffset": 1561,
                    "endColumn": 98,
                    "endOffset": 1655
                },
                "from": {
                    "file": "C:\\Users\\Rachel\\Desktop\\Testing\\app\\build\\intermediates\\exploded-aar\\com.android.support\\appcompat-v7\\23.1.1\\res\\values-is-rIS\\values-is-rIS.xml",
                    "position": {
                        "startLine": 19,
                        "startColumn": 4,
                        "startOffset": 1739,
                        "endColumn": 98,
                        "endOffset": 1833
                    }
                }
            },
            {
                "to": {
                    "startLine": 18,
                    "startColumn": 4,
                    "startOffset": 1660,
                    "endColumn": 102,
                    "endOffset": 1758
                },
                "from": {
                    "file": "C:\\Users\\Rachel\\Desktop\\Testing\\app\\build\\intermediates\\exploded-aar\\com.android.support\\appcompat-v7\\23.1.1\\res\\values-is-rIS\\values-is-rIS.xml",
                    "position": {
                        "startLine": 20,
                        "startColumn": 4,
                        "startOffset": 1838,
                        "endColumn": 102,
                        "endOffset": 1936
                    }
                }
            },
            {
                "to": {
                    "startLine": 19,
                    "startColumn": 4,
                    "startOffset": 1763,
                    "endColumn": 117,
                    "endOffset": 1876
                },
                "from": {
                    "file": "C:\\Users\\Rachel\\Desktop\\Testing\\app\\build\\intermediates\\exploded-aar\\com.android.support\\appcompat-v7\\23.1.1\\res\\values-is-rIS\\values-is-rIS.xml",
                    "position": {
                        "startLine": 21,
                        "startColumn": 4,
                        "startOffset": 1941,
                        "endColumn": 117,
                        "endOffset": 2054
                    }
                }
            },
            {
                "to": {
                    "startLine": 20,
                    "startColumn": 4,
                    "startOffset": 1881,
                    "endColumn": 97,
                    "endOffset": 1974
                },
                "from": {
                    "file": "C:\\Users\\Rachel\\Desktop\\Testing\\app\\build\\intermediates\\exploded-aar\\com.android.support\\appcompat-v7\\23.1.1\\res\\values-is-rIS\\values-is-rIS.xml",
                    "position": {
                        "startLine": 22,
                        "startColumn": 4,
                        "startOffset": 2059,
                        "endColumn": 97,
                        "endOffset": 2152
                    }
                }
            },
            {
                "to": {
                    "startLine": 21,
                    "startColumn": 4,
                    "startOffset": 1979,
                    "endColumn": 100,
                    "endOffset": 2075
                },
                "from": {
                    "file": "C:\\Users\\Rachel\\Desktop\\Testing\\app\\build\\intermediates\\exploded-aar\\com.android.support\\appcompat-v7\\23.1.1\\res\\values-is-rIS\\values-is-rIS.xml",
                    "position": {
                        "startLine": 23,
                        "startColumn": 4,
                        "startOffset": 2157,
                        "endColumn": 100,
                        "endOffset": 2253
                    }
                }
            }
        ]
    }
]