[
    {
        "outputFile": "C:\\Users\\Rachel\\Desktop\\Testing\\app\\build\\intermediates\\res\\merged\\debug\\values-xlarge-land-v4\\values-xlarge-land-v4.xml",
        "map": [
            {
                "to": {
                    "startLine": 2,
                    "startColumn": 4,
                    "startOffset": 55,
                    "endColumn": 63,
                    "endOffset": 114
                },
                "from": {
                    "file": "C:\\Users\\Rachel\\Desktop\\Testing\\app\\build\\intermediates\\exploded-aar\\com.android.support\\appcompat-v7\\23.1.1\\res\\values-xlarge-land\\values-xlarge-land.xml",
                    "position": {
                        "startLine": 4,
                        "startColumn": 4,
                        "startOffset": 237,
                        "endColumn": 63,
                        "endOffset": 296
                    }
                }
            }
        ]
    }
]