[
    {
        "outputFile": "C:\\Users\\Rachel\\Desktop\\Testing\\app\\build\\intermediates\\res\\merged\\debug\\values-v22\\values-v22.xml",
        "map": [
            {
                "to": {
                    "startLine": 2,
                    "startColumn": 4,
                    "startOffset": 55,
                    "endColumn": 74,
                    "endOffset": 125
                },
                "from": {
                    "file": "C:\\Users\\Rachel\\Desktop\\Testing\\app\\build\\intermediates\\exploded-aar\\com.android.support\\appcompat-v7\\23.1.1\\res\\values-v22\\values-v22.xml",
                    "position": {
                        "startLine": 4,
                        "startColumn": 4,
                        "startOffset": 234,
                        "endColumn": 74,
                        "endOffset": 304
                    }
                }
            },
            {
                "to": {
                    "startLine": 3,
                    "startColumn": 4,
                    "startOffset": 130,
                    "endColumn": 86,
                    "endOffset": 212
                },
                "from": {
                    "file": "C:\\Users\\Rachel\\Desktop\\Testing\\app\\build\\intermediates\\exploded-aar\\com.android.support\\appcompat-v7\\23.1.1\\res\\values-v22\\values-v22.xml",
                    "position": {
                        "startLine": 5,
                        "startColumn": 4,
                        "startOffset": 309,
                        "endColumn": 86,
                        "endOffset": 391
                    }
                }
            },
            {
                "to": {
                    "startLine": 4,
                    "startColumn": 4,
                    "startOffset": 217,
                    "endLine": 6,
                    "endColumn": 12,
                    "endOffset": 393
                },
                "from": {
                    "file": "C:\\Users\\Rachel\\Desktop\\Testing\\app\\build\\intermediates\\exploded-aar\\com.android.support\\appcompat-v7\\23.1.1\\res\\values-v22\\values-v22.xml",
                    "position": {
                        "startLine": 6,
                        "startColumn": 4,
                        "startOffset": 396,
                        "endLine": 8,
                        "endColumn": 12,
                        "endOffset": 572
                    }
                }
            },
            {
                "to": {
                    "startLine": 7,
                    "startColumn": 4,
                    "startOffset": 398,
                    "endLine": 9,
                    "endColumn": 12,
                    "endOffset": 586
                },
                "from": {
                    "file": "C:\\Users\\Rachel\\Desktop\\Testing\\app\\build\\intermediates\\exploded-aar\\com.android.support\\appcompat-v7\\23.1.1\\res\\values-v22\\values-v22.xml",
                    "position": {
                        "startLine": 9,
                        "startColumn": 4,
                        "startOffset": 577,
                        "endLine": 11,
                        "endColumn": 12,
                        "endOffset": 765
                    }
                }
            }
        ]
    }
]