[
    {
        "outputFile": "C:\\Users\\Rachel\\Desktop\\Testing\\app\\build\\intermediates\\res\\merged\\debug\\values-en-rAU\\values-en-rAU.xml",
        "map": [
            {
                "to": {
                    "startLine": 2,
                    "startColumn": 4,
                    "startOffset": 55,
                    "endColumn": 103,
                    "endOffset": 154
                },
                "from": {
                    "file": "C:\\Users\\Rachel\\Desktop\\Testing\\app\\build\\intermediates\\exploded-aar\\com.android.support\\appcompat-v7\\23.1.1\\res\\values-en-rAU\\values-en-rAU.xml",
                    "position": {
                        "startLine": 4,
                        "startColumn": 4,
                        "startOffset": 233,
                        "endColumn": 103,
                        "endOffset": 332
                    }
                }
            },
            {
                "to": {
                    "startLine": 3,
                    "startColumn": 4,
                    "startOffset": 159,
                    "endColumn": 107,
                    "endOffset": 262
                },
                "from": {
                    "file": "C:\\Users\\Rachel\\Desktop\\Testing\\app\\build\\intermediates\\exploded-aar\\com.android.support\\appcompat-v7\\23.1.1\\res\\values-en-rAU\\values-en-rAU.xml",
                    "position": {
                        "startLine": 5,
                        "startColumn": 4,
                        "startOffset": 337,
                        "endColumn": 107,
                        "endOffset": 440
                    }
                }
            },
            {
                "to": {
                    "startLine": 4,
                    "startColumn": 4,
                    "startOffset": 267,
                    "endColumn": 122,
                    "endOffset": 385
                },
                "from": {
                    "file": "C:\\Users\\Rachel\\Desktop\\Testing\\app\\build\\intermediates\\exploded-aar\\com.android.support\\appcompat-v7\\23.1.1\\res\\values-en-rAU\\values-en-rAU.xml",
                    "position": {
                        "startLine": 6,
                        "startColumn": 4,
                        "startOffset": 445,
                        "endColumn": 122,
                        "endOffset": 563
                    }
                }
            },
            {
                "to": {
                    "startLine": 5,
                    "startColumn": 4,
                    "startOffset": 390,
                    "endColumn": 99,
                    "endOffset": 485
                },
                "from": {
                    "file": "C:\\Users\\Rachel\\Desktop\\Testing\\app\\build\\intermediates\\exploded-aar\\com.android.support\\appcompat-v7\\23.1.1\\res\\values-en-rAU\\values-en-rAU.xml",
                    "position": {
                        "startLine": 7,
                        "startColumn": 4,
                        "startOffset": 568,
                        "endColumn": 99,
                        "endOffset": 663
                    }
                }
            },
            {
                "to": {
                    "startLine": 6,
                    "startColumn": 4,
                    "startOffset": 490,
                    "endColumn": 107,
                    "endOffset": 593
                },
                "from": {
                    "file": "C:\\Users\\Rachel\\Desktop\\Testing\\app\\build\\intermediates\\exploded-aar\\com.android.support\\appcompat-v7\\23.1.1\\res\\values-en-rAU\\values-en-rAU.xml",
                    "position": {
                        "startLine": 8,
                        "startColumn": 4,
                        "startOffset": 668,
                        "endColumn": 107,
                        "endOffset": 771
                    }
                }
            },
            {
                "to": {
                    "startLine": 7,
                    "startColumn": 4,
                    "startOffset": 598,
                    "endColumn": 83,
                    "endOffset": 677
                },
                "from": {
                    "file": "C:\\Users\\Rachel\\Desktop\\Testing\\app\\build\\intermediates\\exploded-aar\\com.android.support\\appcompat-v7\\23.1.1\\res\\values-en-rAU\\values-en-rAU.xml",
                    "position": {
                        "startLine": 9,
                        "startColumn": 4,
                        "startOffset": 776,
                        "endColumn": 83,
                        "endOffset": 855
                    }
                }
            },
            {
                "to": {
                    "startLine": 8,
                    "startColumn": 4,
                    "startOffset": 682,
                    "endColumn": 99,
                    "endOffset": 777
                },
                "from": {
                    "file": "C:\\Users\\Rachel\\Desktop\\Testing\\app\\build\\intermediates\\exploded-aar\\com.android.support\\appcompat-v7\\23.1.1\\res\\values-en-rAU\\values-en-rAU.xml",
                    "position": {
                        "startLine": 10,
                        "startColumn": 4,
                        "startOffset": 860,
                        "endColumn": 99,
                        "endOffset": 955
                    }
                }
            },
            {
                "to": {
                    "startLine": 9,
                    "startColumn": 4,
                    "startOffset": 782,
                    "endColumn": 114,
                    "endOffset": 892
                },
                "from": {
                    "file": "C:\\Users\\Rachel\\Desktop\\Testing\\app\\build\\intermediates\\exploded-aar\\com.android.support\\appcompat-v7\\23.1.1\\res\\values-en-rAU\\values-en-rAU.xml",
                    "position": {
                        "startLine": 11,
                        "startColumn": 4,
                        "startOffset": 960,
                        "endColumn": 114,
                        "endOffset": 1070
                    }
                }
            },
            {
                "to": {
                    "startLine": 10,
                    "startColumn": 4,
                    "startOffset": 897,
                    "endColumn": 76,
                    "endOffset": 969
                },
                "from": {
                    "file": "C:\\Users\\Rachel\\Desktop\\Testing\\app\\build\\intermediates\\exploded-aar\\com.android.support\\appcompat-v7\\23.1.1\\res\\values-en-rAU\\values-en-rAU.xml",
                    "position": {
                        "startLine": 12,
                        "startColumn": 4,
                        "startOffset": 1075,
                        "endColumn": 76,
                        "endOffset": 1147
                    }
                }
            },
            {
                "to": {
                    "startLine": 11,
                    "startColumn": 4,
                    "startOffset": 974,
                    "endColumn": 75,
                    "endOffset": 1045
                },
                "from": {
                    "file": "C:\\Users\\Rachel\\Desktop\\Testing\\app\\build\\intermediates\\exploded-aar\\com.android.support\\appcompat-v7\\23.1.1\\res\\values-en-rAU\\values-en-rAU.xml",
                    "position": {
                        "startLine": 13,
                        "startColumn": 4,
                        "startOffset": 1152,
                        "endColumn": 75,
                        "endOffset": 1223
                    }
                }
            },
            {
                "to": {
                    "startLine": 12,
                    "startColumn": 4,
                    "startOffset": 1050,
                    "endColumn": 81,
                    "endOffset": 1127
                },
                "from": {
                    "file": "C:\\Users\\Rachel\\Desktop\\Testing\\app\\build\\intermediates\\exploded-aar\\com.android.support\\appcompat-v7\\23.1.1\\res\\values-en-rAU\\values-en-rAU.xml",
                    "position": {
                        "startLine": 14,
                        "startColumn": 4,
                        "startOffset": 1228,
                        "endColumn": 81,
                        "endOffset": 1305
                    }
                }
            },
            {
                "to": {
                    "startLine": 13,
                    "startColumn": 4,
                    "startOffset": 1132,
                    "endColumn": 102,
                    "endOffset": 1230
                },
                "from": {
                    "file": "C:\\Users\\Rachel\\Desktop\\Testing\\app\\build\\intermediates\\exploded-aar\\com.android.support\\appcompat-v7\\23.1.1\\res\\values-en-rAU\\values-en-rAU.xml",
                    "position": {
                        "startLine": 15,
                        "startColumn": 4,
                        "startOffset": 1310,
                        "endColumn": 102,
                        "endOffset": 1408
                    }
                }
            },
            {
                "to": {
                    "startLine": 14,
                    "startColumn": 4,
                    "startOffset": 1235,
                    "endColumn": 103,
                    "endOffset": 1334
                },
                "from": {
                    "file": "C:\\Users\\Rachel\\Desktop\\Testing\\app\\build\\intermediates\\exploded-aar\\com.android.support\\appcompat-v7\\23.1.1\\res\\values-en-rAU\\values-en-rAU.xml",
                    "position": {
                        "startLine": 16,
                        "startColumn": 4,
                        "startOffset": 1413,
                        "endColumn": 103,
                        "endOffset": 1512
                    }
                }
            },
            {
                "to": {
                    "startLine": 15,
                    "startColumn": 4,
                    "startOffset": 1339,
                    "endColumn": 98,
                    "endOffset": 1433
                },
                "from": {
                    "file": "C:\\Users\\Rachel\\Desktop\\Testing\\app\\build\\intermediates\\exploded-aar\\com.android.support\\appcompat-v7\\23.1.1\\res\\values-en-rAU\\values-en-rAU.xml",
                    "position": {
                        "startLine": 17,
                        "startColumn": 4,
                        "startOffset": 1517,
                        "endColumn": 98,
                        "endOffset": 1611
                    }
                }
            },
            {
                "to": {
                    "startLine": 16,
                    "startColumn": 4,
                    "startOffset": 1438,
                    "endColumn": 104,
                    "endOffset": 1538
                },
                "from": {
                    "file": "C:\\Users\\Rachel\\Desktop\\Testing\\app\\build\\intermediates\\exploded-aar\\com.android.support\\appcompat-v7\\23.1.1\\res\\values-en-rAU\\values-en-rAU.xml",
                    "position": {
                        "startLine": 18,
                        "startColumn": 4,
                        "startOffset": 1616,
                        "endColumn": 104,
                        "endOffset": 1716
                    }
                }
            },
            {
                "to": {
                    "startLine": 17,
                    "startColumn": 4,
                    "startOffset": 1543,
                    "endColumn": 102,
                    "endOffset": 1641
                },
                "from": {
                    "file": "C:\\Users\\Rachel\\Desktop\\Testing\\app\\build\\intermediates\\exploded-aar\\com.android.support\\appcompat-v7\\23.1.1\\res\\values-en-rAU\\values-en-rAU.xml",
                    "position": {
                        "startLine": 19,
                        "startColumn": 4,
                        "startOffset": 1721,
                        "endColumn": 102,
                        "endOffset": 1819
                    }
                }
            },
            {
                "to": {
                    "startLine": 18,
                    "startColumn": 4,
                    "startOffset": 1646,
                    "endColumn": 103,
                    "endOffset": 1745
                },
                "from": {
                    "file": "C:\\Users\\Rachel\\Desktop\\Testing\\app\\build\\intermediates\\exploded-aar\\com.android.support\\appcompat-v7\\23.1.1\\res\\values-en-rAU\\values-en-rAU.xml",
                    "position": {
                        "startLine": 20,
                        "startColumn": 4,
                        "startOffset": 1824,
                        "endColumn": 103,
                        "endOffset": 1923
                    }
                }
            },
            {
                "to": {
                    "startLine": 19,
                    "startColumn": 4,
                    "startOffset": 1750,
                    "endColumn": 118,
                    "endOffset": 1864
                },
                "from": {
                    "file": "C:\\Users\\Rachel\\Desktop\\Testing\\app\\build\\intermediates\\exploded-aar\\com.android.support\\appcompat-v7\\23.1.1\\res\\values-en-rAU\\values-en-rAU.xml",
                    "position": {
                        "startLine": 21,
                        "startColumn": 4,
                        "startOffset": 1928,
                        "endColumn": 118,
                        "endOffset": 2042
                    }
                }
            },
            {
                "to": {
                    "startLine": 20,
                    "startColumn": 4,
                    "startOffset": 1869,
                    "endColumn": 99,
                    "endOffset": 1964
                },
                "from": {
                    "file": "C:\\Users\\Rachel\\Desktop\\Testing\\app\\build\\intermediates\\exploded-aar\\com.android.support\\appcompat-v7\\23.1.1\\res\\values-en-rAU\\values-en-rAU.xml",
                    "position": {
                        "startLine": 22,
                        "startColumn": 4,
                        "startOffset": 2047,
                        "endColumn": 99,
                        "endOffset": 2142
                    }
                }
            },
            {
                "to": {
                    "startLine": 21,
                    "startColumn": 4,
                    "startOffset": 1969,
                    "endColumn": 100,
                    "endOffset": 2065
                },
                "from": {
                    "file": "C:\\Users\\Rachel\\Desktop\\Testing\\app\\build\\intermediates\\exploded-aar\\com.android.support\\appcompat-v7\\23.1.1\\res\\values-en-rAU\\values-en-rAU.xml",
                    "position": {
                        "startLine": 23,
                        "startColumn": 4,
                        "startOffset": 2147,
                        "endColumn": 100,
                        "endOffset": 2243
                    }
                }
            }
        ]
    }
]