[
    {
        "outputFile": "C:\\Users\\Rachel\\Desktop\\Testing\\app\\build\\intermediates\\res\\merged\\debug\\values-ms-rMY\\values-ms-rMY.xml",
        "map": [
            {
                "to": {
                    "startLine": 2,
                    "startColumn": 4,
                    "startOffset": 55,
                    "endColumn": 110,
                    "endOffset": 161
                },
                "from": {
                    "file": "C:\\Users\\Rachel\\Desktop\\Testing\\app\\build\\intermediates\\exploded-aar\\com.android.support\\appcompat-v7\\23.1.1\\res\\values-ms-rMY\\values-ms-rMY.xml",
                    "position": {
                        "startLine": 4,
                        "startColumn": 4,
                        "startOffset": 233,
                        "endColumn": 110,
                        "endOffset": 339
                    }
                }
            },
            {
                "to": {
                    "startLine": 3,
                    "startColumn": 4,
                    "startOffset": 166,
                    "endColumn": 107,
                    "endOffset": 269
                },
                "from": {
                    "file": "C:\\Users\\Rachel\\Desktop\\Testing\\app\\build\\intermediates\\exploded-aar\\com.android.support\\appcompat-v7\\23.1.1\\res\\values-ms-rMY\\values-ms-rMY.xml",
                    "position": {
                        "startLine": 5,
                        "startColumn": 4,
                        "startOffset": 344,
                        "endColumn": 107,
                        "endOffset": 447
                    }
                }
            },
            {
                "to": {
                    "startLine": 4,
                    "startColumn": 4,
                    "startOffset": 274,
                    "endColumn": 122,
                    "endOffset": 392
                },
                "from": {
                    "file": "C:\\Users\\Rachel\\Desktop\\Testing\\app\\build\\intermediates\\exploded-aar\\com.android.support\\appcompat-v7\\23.1.1\\res\\values-ms-rMY\\values-ms-rMY.xml",
                    "position": {
                        "startLine": 6,
                        "startColumn": 4,
                        "startOffset": 452,
                        "endColumn": 122,
                        "endOffset": 570
                    }
                }
            },
            {
                "to": {
                    "startLine": 5,
                    "startColumn": 4,
                    "startOffset": 397,
                    "endColumn": 104,
                    "endOffset": 497
                },
                "from": {
                    "file": "C:\\Users\\Rachel\\Desktop\\Testing\\app\\build\\intermediates\\exploded-aar\\com.android.support\\appcompat-v7\\23.1.1\\res\\values-ms-rMY\\values-ms-rMY.xml",
                    "position": {
                        "startLine": 7,
                        "startColumn": 4,
                        "startOffset": 575,
                        "endColumn": 104,
                        "endOffset": 675
                    }
                }
            },
            {
                "to": {
                    "startLine": 6,
                    "startColumn": 4,
                    "startOffset": 502,
                    "endColumn": 107,
                    "endOffset": 605
                },
                "from": {
                    "file": "C:\\Users\\Rachel\\Desktop\\Testing\\app\\build\\intermediates\\exploded-aar\\com.android.support\\appcompat-v7\\23.1.1\\res\\values-ms-rMY\\values-ms-rMY.xml",
                    "position": {
                        "startLine": 8,
                        "startColumn": 4,
                        "startOffset": 680,
                        "endColumn": 107,
                        "endOffset": 783
                    }
                }
            },
            {
                "to": {
                    "startLine": 7,
                    "startColumn": 4,
                    "startOffset": 610,
                    "endColumn": 86,
                    "endOffset": 692
                },
                "from": {
                    "file": "C:\\Users\\Rachel\\Desktop\\Testing\\app\\build\\intermediates\\exploded-aar\\com.android.support\\appcompat-v7\\23.1.1\\res\\values-ms-rMY\\values-ms-rMY.xml",
                    "position": {
                        "startLine": 9,
                        "startColumn": 4,
                        "startOffset": 788,
                        "endColumn": 86,
                        "endOffset": 870
                    }
                }
            },
            {
                "to": {
                    "startLine": 8,
                    "startColumn": 4,
                    "startOffset": 697,
                    "endColumn": 103,
                    "endOffset": 796
                },
                "from": {
                    "file": "C:\\Users\\Rachel\\Desktop\\Testing\\app\\build\\intermediates\\exploded-aar\\com.android.support\\appcompat-v7\\23.1.1\\res\\values-ms-rMY\\values-ms-rMY.xml",
                    "position": {
                        "startLine": 10,
                        "startColumn": 4,
                        "startOffset": 875,
                        "endColumn": 103,
                        "endOffset": 974
                    }
                }
            },
            {
                "to": {
                    "startLine": 9,
                    "startColumn": 4,
                    "startOffset": 801,
                    "endColumn": 110,
                    "endOffset": 907
                },
                "from": {
                    "file": "C:\\Users\\Rachel\\Desktop\\Testing\\app\\build\\intermediates\\exploded-aar\\com.android.support\\appcompat-v7\\23.1.1\\res\\values-ms-rMY\\values-ms-rMY.xml",
                    "position": {
                        "startLine": 11,
                        "startColumn": 4,
                        "startOffset": 979,
                        "endColumn": 110,
                        "endOffset": 1085
                    }
                }
            },
            {
                "to": {
                    "startLine": 10,
                    "startColumn": 4,
                    "startOffset": 912,
                    "endColumn": 77,
                    "endOffset": 985
                },
                "from": {
                    "file": "C:\\Users\\Rachel\\Desktop\\Testing\\app\\build\\intermediates\\exploded-aar\\com.android.support\\appcompat-v7\\23.1.1\\res\\values-ms-rMY\\values-ms-rMY.xml",
                    "position": {
                        "startLine": 12,
                        "startColumn": 4,
                        "startOffset": 1090,
                        "endColumn": 77,
                        "endOffset": 1163
                    }
                }
            },
            {
                "to": {
                    "startLine": 11,
                    "startColumn": 4,
                    "startOffset": 990,
                    "endColumn": 78,
                    "endOffset": 1064
                },
                "from": {
                    "file": "C:\\Users\\Rachel\\Desktop\\Testing\\app\\build\\intermediates\\exploded-aar\\com.android.support\\appcompat-v7\\23.1.1\\res\\values-ms-rMY\\values-ms-rMY.xml",
                    "position": {
                        "startLine": 13,
                        "startColumn": 4,
                        "startOffset": 1168,
                        "endColumn": 78,
                        "endOffset": 1242
                    }
                }
            },
            {
                "to": {
                    "startLine": 12,
                    "startColumn": 4,
                    "startOffset": 1069,
                    "endColumn": 79,
                    "endOffset": 1144
                },
                "from": {
                    "file": "C:\\Users\\Rachel\\Desktop\\Testing\\app\\build\\intermediates\\exploded-aar\\com.android.support\\appcompat-v7\\23.1.1\\res\\values-ms-rMY\\values-ms-rMY.xml",
                    "position": {
                        "startLine": 14,
                        "startColumn": 4,
                        "startOffset": 1247,
                        "endColumn": 79,
                        "endOffset": 1322
                    }
                }
            },
            {
                "to": {
                    "startLine": 13,
                    "startColumn": 4,
                    "startOffset": 1149,
                    "endColumn": 111,
                    "endOffset": 1256
                },
                "from": {
                    "file": "C:\\Users\\Rachel\\Desktop\\Testing\\app\\build\\intermediates\\exploded-aar\\com.android.support\\appcompat-v7\\23.1.1\\res\\values-ms-rMY\\values-ms-rMY.xml",
                    "position": {
                        "startLine": 15,
                        "startColumn": 4,
                        "startOffset": 1327,
                        "endColumn": 111,
                        "endOffset": 1434
                    }
                }
            },
            {
                "to": {
                    "startLine": 14,
                    "startColumn": 4,
                    "startOffset": 1261,
                    "endColumn": 108,
                    "endOffset": 1365
                },
                "from": {
                    "file": "C:\\Users\\Rachel\\Desktop\\Testing\\app\\build\\intermediates\\exploded-aar\\com.android.support\\appcompat-v7\\23.1.1\\res\\values-ms-rMY\\values-ms-rMY.xml",
                    "position": {
                        "startLine": 16,
                        "startColumn": 4,
                        "startOffset": 1439,
                        "endColumn": 108,
                        "endOffset": 1543
                    }
                }
            },
            {
                "to": {
                    "startLine": 15,
                    "startColumn": 4,
                    "startOffset": 1370,
                    "endColumn": 96,
                    "endOffset": 1462
                },
                "from": {
                    "file": "C:\\Users\\Rachel\\Desktop\\Testing\\app\\build\\intermediates\\exploded-aar\\com.android.support\\appcompat-v7\\23.1.1\\res\\values-ms-rMY\\values-ms-rMY.xml",
                    "position": {
                        "startLine": 17,
                        "startColumn": 4,
                        "startOffset": 1548,
                        "endColumn": 96,
                        "endOffset": 1640
                    }
                }
            },
            {
                "to": {
                    "startLine": 16,
                    "startColumn": 4,
                    "startOffset": 1467,
                    "endColumn": 108,
                    "endOffset": 1571
                },
                "from": {
                    "file": "C:\\Users\\Rachel\\Desktop\\Testing\\app\\build\\intermediates\\exploded-aar\\com.android.support\\appcompat-v7\\23.1.1\\res\\values-ms-rMY\\values-ms-rMY.xml",
                    "position": {
                        "startLine": 18,
                        "startColumn": 4,
                        "startOffset": 1645,
                        "endColumn": 108,
                        "endOffset": 1749
                    }
                }
            },
            {
                "to": {
                    "startLine": 17,
                    "startColumn": 4,
                    "startOffset": 1576,
                    "endColumn": 102,
                    "endOffset": 1674
                },
                "from": {
                    "file": "C:\\Users\\Rachel\\Desktop\\Testing\\app\\build\\intermediates\\exploded-aar\\com.android.support\\appcompat-v7\\23.1.1\\res\\values-ms-rMY\\values-ms-rMY.xml",
                    "position": {
                        "startLine": 19,
                        "startColumn": 4,
                        "startOffset": 1754,
                        "endColumn": 102,
                        "endOffset": 1852
                    }
                }
            },
            {
                "to": {
                    "startLine": 18,
                    "startColumn": 4,
                    "startOffset": 1679,
                    "endColumn": 106,
                    "endOffset": 1781
                },
                "from": {
                    "file": "C:\\Users\\Rachel\\Desktop\\Testing\\app\\build\\intermediates\\exploded-aar\\com.android.support\\appcompat-v7\\23.1.1\\res\\values-ms-rMY\\values-ms-rMY.xml",
                    "position": {
                        "startLine": 20,
                        "startColumn": 4,
                        "startOffset": 1857,
                        "endColumn": 106,
                        "endOffset": 1959
                    }
                }
            },
            {
                "to": {
                    "startLine": 19,
                    "startColumn": 4,
                    "startOffset": 1786,
                    "endColumn": 121,
                    "endOffset": 1903
                },
                "from": {
                    "file": "C:\\Users\\Rachel\\Desktop\\Testing\\app\\build\\intermediates\\exploded-aar\\com.android.support\\appcompat-v7\\23.1.1\\res\\values-ms-rMY\\values-ms-rMY.xml",
                    "position": {
                        "startLine": 21,
                        "startColumn": 4,
                        "startOffset": 1964,
                        "endColumn": 121,
                        "endOffset": 2081
                    }
                }
            },
            {
                "to": {
                    "startLine": 20,
                    "startColumn": 4,
                    "startOffset": 1908,
                    "endColumn": 100,
                    "endOffset": 2004
                },
                "from": {
                    "file": "C:\\Users\\Rachel\\Desktop\\Testing\\app\\build\\intermediates\\exploded-aar\\com.android.support\\appcompat-v7\\23.1.1\\res\\values-ms-rMY\\values-ms-rMY.xml",
                    "position": {
                        "startLine": 22,
                        "startColumn": 4,
                        "startOffset": 2086,
                        "endColumn": 100,
                        "endOffset": 2182
                    }
                }
            },
            {
                "to": {
                    "startLine": 21,
                    "startColumn": 4,
                    "startOffset": 2009,
                    "endColumn": 100,
                    "endOffset": 2105
                },
                "from": {
                    "file": "C:\\Users\\Rachel\\Desktop\\Testing\\app\\build\\intermediates\\exploded-aar\\com.android.support\\appcompat-v7\\23.1.1\\res\\values-ms-rMY\\values-ms-rMY.xml",
                    "position": {
                        "startLine": 23,
                        "startColumn": 4,
                        "startOffset": 2187,
                        "endColumn": 100,
                        "endOffset": 2283
                    }
                }
            }
        ]
    }
]