[
    {
        "outputFile": "C:\\Users\\Rachel\\Desktop\\Testing\\app\\build\\intermediates\\res\\merged\\debug\\values-fi\\values-fi.xml",
        "map": [
            {
                "to": {
                    "startLine": 2,
                    "startColumn": 4,
                    "startOffset": 55,
                    "endColumn": 107,
                    "endOffset": 158
                },
                "from": {
                    "file": "C:\\Users\\Rachel\\Desktop\\Testing\\app\\build\\intermediates\\exploded-aar\\com.android.support\\appcompat-v7\\23.1.1\\res\\values-fi\\values-fi.xml",
                    "position": {
                        "startLine": 4,
                        "startColumn": 4,
                        "startOffset": 229,
                        "endColumn": 107,
                        "endOffset": 332
                    }
                }
            },
            {
                "to": {
                    "startLine": 3,
                    "startColumn": 4,
                    "startOffset": 163,
                    "endColumn": 107,
                    "endOffset": 266
                },
                "from": {
                    "file": "C:\\Users\\Rachel\\Desktop\\Testing\\app\\build\\intermediates\\exploded-aar\\com.android.support\\appcompat-v7\\23.1.1\\res\\values-fi\\values-fi.xml",
                    "position": {
                        "startLine": 5,
                        "startColumn": 4,
                        "startOffset": 337,
                        "endColumn": 107,
                        "endOffset": 440
                    }
                }
            },
            {
                "to": {
                    "startLine": 4,
                    "startColumn": 4,
                    "startOffset": 271,
                    "endColumn": 122,
                    "endOffset": 389
                },
                "from": {
                    "file": "C:\\Users\\Rachel\\Desktop\\Testing\\app\\build\\intermediates\\exploded-aar\\com.android.support\\appcompat-v7\\23.1.1\\res\\values-fi\\values-fi.xml",
                    "position": {
                        "startLine": 6,
                        "startColumn": 4,
                        "startOffset": 445,
                        "endColumn": 122,
                        "endOffset": 563
                    }
                }
            },
            {
                "to": {
                    "startLine": 5,
                    "startColumn": 4,
                    "startOffset": 394,
                    "endColumn": 99,
                    "endOffset": 489
                },
                "from": {
                    "file": "C:\\Users\\Rachel\\Desktop\\Testing\\app\\build\\intermediates\\exploded-aar\\com.android.support\\appcompat-v7\\23.1.1\\res\\values-fi\\values-fi.xml",
                    "position": {
                        "startLine": 7,
                        "startColumn": 4,
                        "startOffset": 568,
                        "endColumn": 99,
                        "endOffset": 663
                    }
                }
            },
            {
                "to": {
                    "startLine": 6,
                    "startColumn": 4,
                    "startOffset": 494,
                    "endColumn": 100,
                    "endOffset": 590
                },
                "from": {
                    "file": "C:\\Users\\Rachel\\Desktop\\Testing\\app\\build\\intermediates\\exploded-aar\\com.android.support\\appcompat-v7\\23.1.1\\res\\values-fi\\values-fi.xml",
                    "position": {
                        "startLine": 8,
                        "startColumn": 4,
                        "startOffset": 668,
                        "endColumn": 100,
                        "endOffset": 764
                    }
                }
            },
            {
                "to": {
                    "startLine": 7,
                    "startColumn": 4,
                    "startOffset": 595,
                    "endColumn": 85,
                    "endOffset": 676
                },
                "from": {
                    "file": "C:\\Users\\Rachel\\Desktop\\Testing\\app\\build\\intermediates\\exploded-aar\\com.android.support\\appcompat-v7\\23.1.1\\res\\values-fi\\values-fi.xml",
                    "position": {
                        "startLine": 9,
                        "startColumn": 4,
                        "startOffset": 769,
                        "endColumn": 85,
                        "endOffset": 850
                    }
                }
            },
            {
                "to": {
                    "startLine": 8,
                    "startColumn": 4,
                    "startOffset": 681,
                    "endColumn": 104,
                    "endOffset": 781
                },
                "from": {
                    "file": "C:\\Users\\Rachel\\Desktop\\Testing\\app\\build\\intermediates\\exploded-aar\\com.android.support\\appcompat-v7\\23.1.1\\res\\values-fi\\values-fi.xml",
                    "position": {
                        "startLine": 10,
                        "startColumn": 4,
                        "startOffset": 855,
                        "endColumn": 104,
                        "endOffset": 955
                    }
                }
            },
            {
                "to": {
                    "startLine": 9,
                    "startColumn": 4,
                    "startOffset": 786,
                    "endColumn": 117,
                    "endOffset": 899
                },
                "from": {
                    "file": "C:\\Users\\Rachel\\Desktop\\Testing\\app\\build\\intermediates\\exploded-aar\\com.android.support\\appcompat-v7\\23.1.1\\res\\values-fi\\values-fi.xml",
                    "position": {
                        "startLine": 11,
                        "startColumn": 4,
                        "startOffset": 960,
                        "endColumn": 117,
                        "endOffset": 1073
                    }
                }
            },
            {
                "to": {
                    "startLine": 10,
                    "startColumn": 4,
                    "startOffset": 904,
                    "endColumn": 86,
                    "endOffset": 986
                },
                "from": {
                    "file": "C:\\Users\\Rachel\\Desktop\\Testing\\app\\build\\intermediates\\exploded-aar\\com.android.support\\appcompat-v7\\23.1.1\\res\\values-fi\\values-fi.xml",
                    "position": {
                        "startLine": 12,
                        "startColumn": 4,
                        "startOffset": 1078,
                        "endColumn": 86,
                        "endOffset": 1160
                    }
                }
            },
            {
                "to": {
                    "startLine": 11,
                    "startColumn": 4,
                    "startOffset": 991,
                    "endColumn": 81,
                    "endOffset": 1068
                },
                "from": {
                    "file": "C:\\Users\\Rachel\\Desktop\\Testing\\app\\build\\intermediates\\exploded-aar\\com.android.support\\appcompat-v7\\23.1.1\\res\\values-fi\\values-fi.xml",
                    "position": {
                        "startLine": 13,
                        "startColumn": 4,
                        "startOffset": 1165,
                        "endColumn": 81,
                        "endOffset": 1242
                    }
                }
            },
            {
                "to": {
                    "startLine": 12,
                    "startColumn": 4,
                    "startOffset": 1073,
                    "endColumn": 79,
                    "endOffset": 1148
                },
                "from": {
                    "file": "C:\\Users\\Rachel\\Desktop\\Testing\\app\\build\\intermediates\\exploded-aar\\com.android.support\\appcompat-v7\\23.1.1\\res\\values-fi\\values-fi.xml",
                    "position": {
                        "startLine": 14,
                        "startColumn": 4,
                        "startOffset": 1247,
                        "endColumn": 79,
                        "endOffset": 1322
                    }
                }
            },
            {
                "to": {
                    "startLine": 13,
                    "startColumn": 4,
                    "startOffset": 1153,
                    "endColumn": 106,
                    "endOffset": 1255
                },
                "from": {
                    "file": "C:\\Users\\Rachel\\Desktop\\Testing\\app\\build\\intermediates\\exploded-aar\\com.android.support\\appcompat-v7\\23.1.1\\res\\values-fi\\values-fi.xml",
                    "position": {
                        "startLine": 15,
                        "startColumn": 4,
                        "startOffset": 1327,
                        "endColumn": 106,
                        "endOffset": 1429
                    }
                }
            },
            {
                "to": {
                    "startLine": 14,
                    "startColumn": 4,
                    "startOffset": 1260,
                    "endColumn": 102,
                    "endOffset": 1358
                },
                "from": {
                    "file": "C:\\Users\\Rachel\\Desktop\\Testing\\app\\build\\intermediates\\exploded-aar\\com.android.support\\appcompat-v7\\23.1.1\\res\\values-fi\\values-fi.xml",
                    "position": {
                        "startLine": 16,
                        "startColumn": 4,
                        "startOffset": 1434,
                        "endColumn": 102,
                        "endOffset": 1532
                    }
                }
            },
            {
                "to": {
                    "startLine": 15,
                    "startColumn": 4,
                    "startOffset": 1363,
                    "endColumn": 96,
                    "endOffset": 1455
                },
                "from": {
                    "file": "C:\\Users\\Rachel\\Desktop\\Testing\\app\\build\\intermediates\\exploded-aar\\com.android.support\\appcompat-v7\\23.1.1\\res\\values-fi\\values-fi.xml",
                    "position": {
                        "startLine": 17,
                        "startColumn": 4,
                        "startOffset": 1537,
                        "endColumn": 96,
                        "endOffset": 1629
                    }
                }
            },
            {
                "to": {
                    "startLine": 16,
                    "startColumn": 4,
                    "startOffset": 1460,
                    "endColumn": 105,
                    "endOffset": 1561
                },
                "from": {
                    "file": "C:\\Users\\Rachel\\Desktop\\Testing\\app\\build\\intermediates\\exploded-aar\\com.android.support\\appcompat-v7\\23.1.1\\res\\values-fi\\values-fi.xml",
                    "position": {
                        "startLine": 18,
                        "startColumn": 4,
                        "startOffset": 1634,
                        "endColumn": 105,
                        "endOffset": 1735
                    }
                }
            },
            {
                "to": {
                    "startLine": 17,
                    "startColumn": 4,
                    "startOffset": 1566,
                    "endColumn": 98,
                    "endOffset": 1660
                },
                "from": {
                    "file": "C:\\Users\\Rachel\\Desktop\\Testing\\app\\build\\intermediates\\exploded-aar\\com.android.support\\appcompat-v7\\23.1.1\\res\\values-fi\\values-fi.xml",
                    "position": {
                        "startLine": 19,
                        "startColumn": 4,
                        "startOffset": 1740,
                        "endColumn": 98,
                        "endOffset": 1834
                    }
                }
            },
            {
                "to": {
                    "startLine": 18,
                    "startColumn": 4,
                    "startOffset": 1665,
                    "endColumn": 103,
                    "endOffset": 1764
                },
                "from": {
                    "file": "C:\\Users\\Rachel\\Desktop\\Testing\\app\\build\\intermediates\\exploded-aar\\com.android.support\\appcompat-v7\\23.1.1\\res\\values-fi\\values-fi.xml",
                    "position": {
                        "startLine": 20,
                        "startColumn": 4,
                        "startOffset": 1839,
                        "endColumn": 103,
                        "endOffset": 1938
                    }
                }
            },
            {
                "to": {
                    "startLine": 19,
                    "startColumn": 4,
                    "startOffset": 1769,
                    "endColumn": 118,
                    "endOffset": 1883
                },
                "from": {
                    "file": "C:\\Users\\Rachel\\Desktop\\Testing\\app\\build\\intermediates\\exploded-aar\\com.android.support\\appcompat-v7\\23.1.1\\res\\values-fi\\values-fi.xml",
                    "position": {
                        "startLine": 21,
                        "startColumn": 4,
                        "startOffset": 1943,
                        "endColumn": 118,
                        "endOffset": 2057
                    }
                }
            },
            {
                "to": {
                    "startLine": 20,
                    "startColumn": 4,
                    "startOffset": 1888,
                    "endColumn": 98,
                    "endOffset": 1982
                },
                "from": {
                    "file": "C:\\Users\\Rachel\\Desktop\\Testing\\app\\build\\intermediates\\exploded-aar\\com.android.support\\appcompat-v7\\23.1.1\\res\\values-fi\\values-fi.xml",
                    "position": {
                        "startLine": 22,
                        "startColumn": 4,
                        "startOffset": 2062,
                        "endColumn": 98,
                        "endOffset": 2156
                    }
                }
            },
            {
                "to": {
                    "startLine": 21,
                    "startColumn": 4,
                    "startOffset": 1987,
                    "endColumn": 100,
                    "endOffset": 2083
                },
                "from": {
                    "file": "C:\\Users\\Rachel\\Desktop\\Testing\\app\\build\\intermediates\\exploded-aar\\com.android.support\\appcompat-v7\\23.1.1\\res\\values-fi\\values-fi.xml",
                    "position": {
                        "startLine": 23,
                        "startColumn": 4,
                        "startOffset": 2161,
                        "endColumn": 100,
                        "endOffset": 2257
                    }
                }
            }
        ]
    }
]