[
    {
        "outputFile": "C:\\Users\\Rachel\\Desktop\\Testing\\app\\build\\intermediates\\res\\merged\\debug\\values-w500dp-v13\\values-w500dp-v13.xml",
        "map": [
            {
                "to": {
                    "startLine": 2,
                    "startColumn": 4,
                    "startOffset": 55,
                    "endColumn": 54,
                    "endOffset": 105
                },
                "from": {
                    "file": "C:\\Users\\Rachel\\Desktop\\Testing\\app\\build\\intermediates\\exploded-aar\\com.android.support\\appcompat-v7\\23.1.1\\res\\values-w500dp\\values-w500dp.xml",
                    "position": {
                        "startLine": 4,
                        "startColumn": 4,
                        "startOffset": 232,
                        "endColumn": 54,
                        "endOffset": 282
                    }
                }
            }
        ]
    }
]