[
    {
        "outputFile": "C:\\Users\\Rachel\\Desktop\\Testing\\app\\build\\intermediates\\res\\merged\\debug\\values-xlarge-v4\\values-xlarge-v4.xml",
        "map": [
            {
                "to": {
                    "startLine": 2,
                    "startColumn": 4,
                    "startOffset": 55,
                    "endColumn": 76,
                    "endOffset": 127
                },
                "from": {
                    "file": "C:\\Users\\Rachel\\Desktop\\Testing\\app\\build\\intermediates\\exploded-aar\\com.android.support\\appcompat-v7\\23.1.1\\res\\values-xlarge\\values-xlarge.xml",
                    "position": {
                        "startLine": 4,
                        "startColumn": 4,
                        "startOffset": 231,
                        "endColumn": 76,
                        "endOffset": 303
                    }
                }
            },
            {
                "to": {
                    "startLine": 3,
                    "startColumn": 4,
                    "startOffset": 132,
                    "endColumn": 70,
                    "endOffset": 198
                },
                "from": {
                    "file": "C:\\Users\\Rachel\\Desktop\\Testing\\app\\build\\intermediates\\exploded-aar\\com.android.support\\appcompat-v7\\23.1.1\\res\\values-xlarge\\values-xlarge.xml",
                    "position": {
                        "startLine": 7,
                        "startColumn": 4,
                        "startOffset": 485,
                        "endColumn": 70,
                        "endOffset": 551
                    }
                }
            },
            {
                "to": {
                    "startLine": 4,
                    "startColumn": 4,
                    "startOffset": 203,
                    "endColumn": 70,
                    "endOffset": 269
                },
                "from": {
                    "file": "C:\\Users\\Rachel\\Desktop\\Testing\\app\\build\\intermediates\\exploded-aar\\com.android.support\\appcompat-v7\\23.1.1\\res\\values-xlarge\\values-xlarge.xml",
                    "position": {
                        "startLine": 8,
                        "startColumn": 4,
                        "startOffset": 556,
                        "endColumn": 70,
                        "endOffset": 622
                    }
                }
            },
            {
                "to": {
                    "startLine": 5,
                    "startColumn": 4,
                    "startOffset": 274,
                    "endColumn": 69,
                    "endOffset": 339
                },
                "from": {
                    "file": "C:\\Users\\Rachel\\Desktop\\Testing\\app\\build\\intermediates\\exploded-aar\\com.android.support\\appcompat-v7\\23.1.1\\res\\values-xlarge\\values-xlarge.xml",
                    "position": {
                        "startLine": 9,
                        "startColumn": 4,
                        "startOffset": 627,
                        "endColumn": 69,
                        "endOffset": 692
                    }
                }
            },
            {
                "to": {
                    "startLine": 6,
                    "startColumn": 4,
                    "startOffset": 344,
                    "endColumn": 69,
                    "endOffset": 409
                },
                "from": {
                    "file": "C:\\Users\\Rachel\\Desktop\\Testing\\app\\build\\intermediates\\exploded-aar\\com.android.support\\appcompat-v7\\23.1.1\\res\\values-xlarge\\values-xlarge.xml",
                    "position": {
                        "startLine": 10,
                        "startColumn": 4,
                        "startOffset": 697,
                        "endColumn": 69,
                        "endOffset": 762
                    }
                }
            },
            {
                "to": {
                    "startLine": 7,
                    "startColumn": 4,
                    "startOffset": 414,
                    "endColumn": 67,
                    "endOffset": 477
                },
                "from": {
                    "file": "C:\\Users\\Rachel\\Desktop\\Testing\\app\\build\\intermediates\\exploded-aar\\com.android.support\\appcompat-v7\\23.1.1\\res\\values-xlarge\\values-xlarge.xml",
                    "position": {
                        "startLine": 11,
                        "startColumn": 4,
                        "startOffset": 767,
                        "endColumn": 67,
                        "endOffset": 830
                    }
                }
            },
            {
                "to": {
                    "startLine": 8,
                    "startColumn": 4,
                    "startOffset": 482,
                    "endColumn": 67,
                    "endOffset": 545
                },
                "from": {
                    "file": "C:\\Users\\Rachel\\Desktop\\Testing\\app\\build\\intermediates\\exploded-aar\\com.android.support\\appcompat-v7\\23.1.1\\res\\values-xlarge\\values-xlarge.xml",
                    "position": {
                        "startLine": 12,
                        "startColumn": 4,
                        "startOffset": 835,
                        "endColumn": 67,
                        "endOffset": 898
                    }
                }
            },
            {
                "to": {
                    "startLine": 9,
                    "startColumn": 4,
                    "startOffset": 550,
                    "endColumn": 63,
                    "endOffset": 609
                },
                "from": {
                    "file": "C:\\Users\\Rachel\\Desktop\\Testing\\app\\build\\intermediates\\exploded-aar\\com.android.support\\appcompat-v7\\23.1.1\\res\\values-xlarge\\values-xlarge.xml",
                    "position": {
                        "startLine": 13,
                        "startColumn": 4,
                        "startOffset": 903,
                        "endColumn": 63,
                        "endOffset": 962
                    }
                }
            },
            {
                "to": {
                    "startLine": 10,
                    "startColumn": 4,
                    "startOffset": 614,
                    "endColumn": 54,
                    "endOffset": 664
                },
                "from": {
                    "file": "C:\\Users\\Rachel\\Desktop\\Testing\\app\\build\\intermediates\\exploded-aar\\com.android.support\\appcompat-v7\\23.1.1\\res\\values-xlarge\\values-xlarge.xml",
                    "position": {
                        "startLine": 14,
                        "startColumn": 4,
                        "startOffset": 967,
                        "endColumn": 54,
                        "endOffset": 1017
                    }
                }
            }
        ]
    }
]