[
    {
        "outputFile": "C:\\Users\\Rachel\\Desktop\\Testing\\app\\build\\intermediates\\res\\merged\\debug\\values-sr\\values-sr.xml",
        "map": [
            {
                "to": {
                    "startLine": 2,
                    "startColumn": 4,
                    "startOffset": 55,
                    "endColumn": 108,
                    "endOffset": 159
                },
                "from": {
                    "file": "C:\\Users\\Rachel\\Desktop\\Testing\\app\\build\\intermediates\\exploded-aar\\com.android.support\\appcompat-v7\\23.1.1\\res\\values-sr\\values-sr.xml",
                    "position": {
                        "startLine": 4,
                        "startColumn": 4,
                        "startOffset": 229,
                        "endColumn": 108,
                        "endOffset": 333
                    }
                }
            },
            {
                "to": {
                    "startLine": 3,
                    "startColumn": 4,
                    "startOffset": 164,
                    "endColumn": 107,
                    "endOffset": 267
                },
                "from": {
                    "file": "C:\\Users\\Rachel\\Desktop\\Testing\\app\\build\\intermediates\\exploded-aar\\com.android.support\\appcompat-v7\\23.1.1\\res\\values-sr\\values-sr.xml",
                    "position": {
                        "startLine": 5,
                        "startColumn": 4,
                        "startOffset": 338,
                        "endColumn": 107,
                        "endOffset": 441
                    }
                }
            },
            {
                "to": {
                    "startLine": 4,
                    "startColumn": 4,
                    "startOffset": 272,
                    "endColumn": 122,
                    "endOffset": 390
                },
                "from": {
                    "file": "C:\\Users\\Rachel\\Desktop\\Testing\\app\\build\\intermediates\\exploded-aar\\com.android.support\\appcompat-v7\\23.1.1\\res\\values-sr\\values-sr.xml",
                    "position": {
                        "startLine": 6,
                        "startColumn": 4,
                        "startOffset": 446,
                        "endColumn": 122,
                        "endOffset": 564
                    }
                }
            },
            {
                "to": {
                    "startLine": 5,
                    "startColumn": 4,
                    "startOffset": 395,
                    "endColumn": 102,
                    "endOffset": 493
                },
                "from": {
                    "file": "C:\\Users\\Rachel\\Desktop\\Testing\\app\\build\\intermediates\\exploded-aar\\com.android.support\\appcompat-v7\\23.1.1\\res\\values-sr\\values-sr.xml",
                    "position": {
                        "startLine": 7,
                        "startColumn": 4,
                        "startOffset": 569,
                        "endColumn": 102,
                        "endOffset": 667
                    }
                }
            },
            {
                "to": {
                    "startLine": 6,
                    "startColumn": 4,
                    "startOffset": 498,
                    "endColumn": 105,
                    "endOffset": 599
                },
                "from": {
                    "file": "C:\\Users\\Rachel\\Desktop\\Testing\\app\\build\\intermediates\\exploded-aar\\com.android.support\\appcompat-v7\\23.1.1\\res\\values-sr\\values-sr.xml",
                    "position": {
                        "startLine": 8,
                        "startColumn": 4,
                        "startOffset": 672,
                        "endColumn": 105,
                        "endOffset": 773
                    }
                }
            },
            {
                "to": {
                    "startLine": 7,
                    "startColumn": 4,
                    "startOffset": 604,
                    "endColumn": 85,
                    "endOffset": 685
                },
                "from": {
                    "file": "C:\\Users\\Rachel\\Desktop\\Testing\\app\\build\\intermediates\\exploded-aar\\com.android.support\\appcompat-v7\\23.1.1\\res\\values-sr\\values-sr.xml",
                    "position": {
                        "startLine": 9,
                        "startColumn": 4,
                        "startOffset": 778,
                        "endColumn": 85,
                        "endOffset": 859
                    }
                }
            },
            {
                "to": {
                    "startLine": 8,
                    "startColumn": 4,
                    "startOffset": 690,
                    "endColumn": 103,
                    "endOffset": 789
                },
                "from": {
                    "file": "C:\\Users\\Rachel\\Desktop\\Testing\\app\\build\\intermediates\\exploded-aar\\com.android.support\\appcompat-v7\\23.1.1\\res\\values-sr\\values-sr.xml",
                    "position": {
                        "startLine": 10,
                        "startColumn": 4,
                        "startOffset": 864,
                        "endColumn": 103,
                        "endOffset": 963
                    }
                }
            },
            {
                "to": {
                    "startLine": 9,
                    "startColumn": 4,
                    "startOffset": 794,
                    "endColumn": 117,
                    "endOffset": 907
                },
                "from": {
                    "file": "C:\\Users\\Rachel\\Desktop\\Testing\\app\\build\\intermediates\\exploded-aar\\com.android.support\\appcompat-v7\\23.1.1\\res\\values-sr\\values-sr.xml",
                    "position": {
                        "startLine": 11,
                        "startColumn": 4,
                        "startOffset": 968,
                        "endColumn": 117,
                        "endOffset": 1081
                    }
                }
            },
            {
                "to": {
                    "startLine": 10,
                    "startColumn": 4,
                    "startOffset": 912,
                    "endColumn": 80,
                    "endOffset": 988
                },
                "from": {
                    "file": "C:\\Users\\Rachel\\Desktop\\Testing\\app\\build\\intermediates\\exploded-aar\\com.android.support\\appcompat-v7\\23.1.1\\res\\values-sr\\values-sr.xml",
                    "position": {
                        "startLine": 12,
                        "startColumn": 4,
                        "startOffset": 1086,
                        "endColumn": 80,
                        "endOffset": 1162
                    }
                }
            },
            {
                "to": {
                    "startLine": 11,
                    "startColumn": 4,
                    "startOffset": 993,
                    "endColumn": 79,
                    "endOffset": 1068
                },
                "from": {
                    "file": "C:\\Users\\Rachel\\Desktop\\Testing\\app\\build\\intermediates\\exploded-aar\\com.android.support\\appcompat-v7\\23.1.1\\res\\values-sr\\values-sr.xml",
                    "position": {
                        "startLine": 13,
                        "startColumn": 4,
                        "startOffset": 1167,
                        "endColumn": 79,
                        "endOffset": 1242
                    }
                }
            },
            {
                "to": {
                    "startLine": 12,
                    "startColumn": 4,
                    "startOffset": 1073,
                    "endColumn": 87,
                    "endOffset": 1156
                },
                "from": {
                    "file": "C:\\Users\\Rachel\\Desktop\\Testing\\app\\build\\intermediates\\exploded-aar\\com.android.support\\appcompat-v7\\23.1.1\\res\\values-sr\\values-sr.xml",
                    "position": {
                        "startLine": 14,
                        "startColumn": 4,
                        "startOffset": 1247,
                        "endColumn": 87,
                        "endOffset": 1330
                    }
                }
            },
            {
                "to": {
                    "startLine": 13,
                    "startColumn": 4,
                    "startOffset": 1161,
                    "endColumn": 104,
                    "endOffset": 1261
                },
                "from": {
                    "file": "C:\\Users\\Rachel\\Desktop\\Testing\\app\\build\\intermediates\\exploded-aar\\com.android.support\\appcompat-v7\\23.1.1\\res\\values-sr\\values-sr.xml",
                    "position": {
                        "startLine": 15,
                        "startColumn": 4,
                        "startOffset": 1335,
                        "endColumn": 104,
                        "endOffset": 1435
                    }
                }
            },
            {
                "to": {
                    "startLine": 14,
                    "startColumn": 4,
                    "startOffset": 1266,
                    "endColumn": 107,
                    "endOffset": 1369
                },
                "from": {
                    "file": "C:\\Users\\Rachel\\Desktop\\Testing\\app\\build\\intermediates\\exploded-aar\\com.android.support\\appcompat-v7\\23.1.1\\res\\values-sr\\values-sr.xml",
                    "position": {
                        "startLine": 16,
                        "startColumn": 4,
                        "startOffset": 1440,
                        "endColumn": 107,
                        "endOffset": 1543
                    }
                }
            },
            {
                "to": {
                    "startLine": 15,
                    "startColumn": 4,
                    "startOffset": 1374,
                    "endColumn": 100,
                    "endOffset": 1470
                },
                "from": {
                    "file": "C:\\Users\\Rachel\\Desktop\\Testing\\app\\build\\intermediates\\exploded-aar\\com.android.support\\appcompat-v7\\23.1.1\\res\\values-sr\\values-sr.xml",
                    "position": {
                        "startLine": 17,
                        "startColumn": 4,
                        "startOffset": 1548,
                        "endColumn": 100,
                        "endOffset": 1644
                    }
                }
            },
            {
                "to": {
                    "startLine": 16,
                    "startColumn": 4,
                    "startOffset": 1475,
                    "endColumn": 103,
                    "endOffset": 1574
                },
                "from": {
                    "file": "C:\\Users\\Rachel\\Desktop\\Testing\\app\\build\\intermediates\\exploded-aar\\com.android.support\\appcompat-v7\\23.1.1\\res\\values-sr\\values-sr.xml",
                    "position": {
                        "startLine": 18,
                        "startColumn": 4,
                        "startOffset": 1649,
                        "endColumn": 103,
                        "endOffset": 1748
                    }
                }
            },
            {
                "to": {
                    "startLine": 17,
                    "startColumn": 4,
                    "startOffset": 1579,
                    "endColumn": 107,
                    "endOffset": 1682
                },
                "from": {
                    "file": "C:\\Users\\Rachel\\Desktop\\Testing\\app\\build\\intermediates\\exploded-aar\\com.android.support\\appcompat-v7\\23.1.1\\res\\values-sr\\values-sr.xml",
                    "position": {
                        "startLine": 19,
                        "startColumn": 4,
                        "startOffset": 1753,
                        "endColumn": 107,
                        "endOffset": 1856
                    }
                }
            },
            {
                "to": {
                    "startLine": 18,
                    "startColumn": 4,
                    "startOffset": 1687,
                    "endColumn": 100,
                    "endOffset": 1783
                },
                "from": {
                    "file": "C:\\Users\\Rachel\\Desktop\\Testing\\app\\build\\intermediates\\exploded-aar\\com.android.support\\appcompat-v7\\23.1.1\\res\\values-sr\\values-sr.xml",
                    "position": {
                        "startLine": 20,
                        "startColumn": 4,
                        "startOffset": 1861,
                        "endColumn": 100,
                        "endOffset": 1957
                    }
                }
            },
            {
                "to": {
                    "startLine": 19,
                    "startColumn": 4,
                    "startOffset": 1788,
                    "endColumn": 127,
                    "endOffset": 1911
                },
                "from": {
                    "file": "C:\\Users\\Rachel\\Desktop\\Testing\\app\\build\\intermediates\\exploded-aar\\com.android.support\\appcompat-v7\\23.1.1\\res\\values-sr\\values-sr.xml",
                    "position": {
                        "startLine": 21,
                        "startColumn": 4,
                        "startOffset": 1962,
                        "endColumn": 127,
                        "endOffset": 2085
                    }
                }
            },
            {
                "to": {
                    "startLine": 20,
                    "startColumn": 4,
                    "startOffset": 1916,
                    "endColumn": 96,
                    "endOffset": 2008
                },
                "from": {
                    "file": "C:\\Users\\Rachel\\Desktop\\Testing\\app\\build\\intermediates\\exploded-aar\\com.android.support\\appcompat-v7\\23.1.1\\res\\values-sr\\values-sr.xml",
                    "position": {
                        "startLine": 22,
                        "startColumn": 4,
                        "startOffset": 2090,
                        "endColumn": 96,
                        "endOffset": 2182
                    }
                }
            },
            {
                "to": {
                    "startLine": 21,
                    "startColumn": 4,
                    "startOffset": 2013,
                    "endColumn": 100,
                    "endOffset": 2109
                },
                "from": {
                    "file": "C:\\Users\\Rachel\\Desktop\\Testing\\app\\build\\intermediates\\exploded-aar\\com.android.support\\appcompat-v7\\23.1.1\\res\\values-sr\\values-sr.xml",
                    "position": {
                        "startLine": 23,
                        "startColumn": 4,
                        "startOffset": 2187,
                        "endColumn": 100,
                        "endOffset": 2283
                    }
                }
            }
        ]
    }
]