[
    {
        "outputFile": "C:\\Users\\Rachel\\Desktop\\Testing\\app\\build\\intermediates\\res\\merged\\debug\\values-w600dp-v13\\values-w600dp-v13.xml",
        "map": [
            {
                "to": {
                    "startLine": 2,
                    "startColumn": 4,
                    "startOffset": 55,
                    "endColumn": 63,
                    "endOffset": 114
                },
                "from": {
                    "file": "C:\\Users\\Rachel\\Desktop\\Testing\\app\\build\\intermediates\\exploded-aar\\com.android.support\\appcompat-v7\\23.1.1\\res\\values-w600dp\\values-w600dp.xml",
                    "position": {
                        "startLine": 4,
                        "startColumn": 4,
                        "startOffset": 232,
                        "endColumn": 63,
                        "endOffset": 291
                    }
                }
            },
            {
                "to": {
                    "startLine": 3,
                    "startColumn": 4,
                    "startOffset": 119,
                    "endColumn": 54,
                    "endOffset": 169
                },
                "from": {
                    "file": "C:\\Users\\Rachel\\Desktop\\Testing\\app\\build\\intermediates\\exploded-aar\\com.android.support\\appcompat-v7\\23.1.1\\res\\values-w600dp\\values-w600dp.xml",
                    "position": {
                        "startLine": 5,
                        "startColumn": 4,
                        "startOffset": 296,
                        "endColumn": 54,
                        "endOffset": 346
                    }
                }
            }
        ]
    }
]