[
    {
        "outputFile": "C:\\Users\\Rachel\\Desktop\\Testing\\app\\build\\intermediates\\res\\merged\\debug\\values-ldrtl-v23\\values-ldrtl-v23.xml",
        "map": [
            {
                "to": {
                    "startLine": 2,
                    "startColumn": 4,
                    "startOffset": 55,
                    "endColumn": 112,
                    "endOffset": 163
                },
                "from": {
                    "file": "C:\\Users\\Rachel\\Desktop\\Testing\\app\\build\\intermediates\\exploded-aar\\com.android.support\\appcompat-v7\\23.1.1\\res\\values-ldrtl-v23\\values-ldrtl-v23.xml",
                    "position": {
                        "startLine": 4,
                        "startColumn": 4,
                        "startOffset": 240,
                        "endColumn": 112,
                        "endOffset": 348
                    }
                }
            }
        ]
    }
]