[
    {
        "merged": "C:\\Users\\Rachel\\Desktop\\Testing\\app\\build\\intermediates\\res\\merged\\debug\\drawable\\abc_btn_borderless_material.xml",
        "source": "C:\\Users\\Rachel\\Desktop\\Testing\\app\\build\\intermediates\\exploded-aar\\com.android.support\\appcompat-v7\\23.1.1\\res\\drawable\\abc_btn_borderless_material.xml"
    },
    {
        "merged": "C:\\Users\\Rachel\\Desktop\\Testing\\app\\build\\intermediates\\res\\merged\\debug\\drawable\\abc_item_background_holo_light.xml",
        "source": "C:\\Users\\Rachel\\Desktop\\Testing\\app\\build\\intermediates\\exploded-aar\\com.android.support\\appcompat-v7\\23.1.1\\res\\drawable\\abc_item_background_holo_light.xml"
    },
    {
        "merged": "C:\\Users\\Rachel\\Desktop\\Testing\\app\\build\\intermediates\\res\\merged\\debug\\drawable\\abc_seekbar_thumb_material.xml",
        "source": "C:\\Users\\Rachel\\Desktop\\Testing\\app\\build\\intermediates\\exploded-aar\\com.android.support\\appcompat-v7\\23.1.1\\res\\drawable\\abc_seekbar_thumb_material.xml"
    },
    {
        "merged": "C:\\Users\\Rachel\\Desktop\\Testing\\app\\build\\intermediates\\res\\merged\\debug\\drawable\\abc_list_selector_background_transition_holo_light.xml",
        "source": "C:\\Users\\Rachel\\Desktop\\Testing\\app\\build\\intermediates\\exploded-aar\\com.android.support\\appcompat-v7\\23.1.1\\res\\drawable\\abc_list_selector_background_transition_holo_light.xml"
    },
    {
        "merged": "C:\\Users\\Rachel\\Desktop\\Testing\\app\\build\\intermediates\\res\\merged\\debug\\drawable\\abc_dialog_material_background_light.xml",
        "source": "C:\\Users\\Rachel\\Desktop\\Testing\\app\\build\\intermediates\\exploded-aar\\com.android.support\\appcompat-v7\\23.1.1\\res\\drawable\\abc_dialog_material_background_light.xml"
    },
    {
        "merged": "C:\\Users\\Rachel\\Desktop\\Testing\\app\\build\\intermediates\\res\\merged\\debug\\drawable\\abc_spinner_textfield_background_material.xml",
        "source": "C:\\Users\\Rachel\\Desktop\\Testing\\app\\build\\intermediates\\exploded-aar\\com.android.support\\appcompat-v7\\23.1.1\\res\\drawable\\abc_spinner_textfield_background_material.xml"
    },
    {
        "merged": "C:\\Users\\Rachel\\Desktop\\Testing\\app\\build\\intermediates\\res\\merged\\debug\\drawable\\abc_seekbar_track_material.xml",
        "source": "C:\\Users\\Rachel\\Desktop\\Testing\\app\\build\\intermediates\\exploded-aar\\com.android.support\\appcompat-v7\\23.1.1\\res\\drawable\\abc_seekbar_track_material.xml"
    },
    {
        "merged": "C:\\Users\\Rachel\\Desktop\\Testing\\app\\build\\intermediates\\res\\merged\\debug\\drawable\\abc_switch_thumb_material.xml",
        "source": "C:\\Users\\Rachel\\Desktop\\Testing\\app\\build\\intermediates\\exploded-aar\\com.android.support\\appcompat-v7\\23.1.1\\res\\drawable\\abc_switch_thumb_material.xml"
    },
    {
        "merged": "C:\\Users\\Rachel\\Desktop\\Testing\\app\\build\\intermediates\\res\\merged\\debug\\drawable\\abc_list_selector_holo_light.xml",
        "source": "C:\\Users\\Rachel\\Desktop\\Testing\\app\\build\\intermediates\\exploded-aar\\com.android.support\\appcompat-v7\\23.1.1\\res\\drawable\\abc_list_selector_holo_light.xml"
    },
    {
        "merged": "C:\\Users\\Rachel\\Desktop\\Testing\\app\\build\\intermediates\\res\\merged\\debug\\drawable\\design_snackbar_background.xml",
        "source": "C:\\Users\\Rachel\\Desktop\\Testing\\app\\build\\intermediates\\exploded-aar\\com.android.support\\design\\23.1.1\\res\\drawable\\design_snackbar_background.xml"
    },
    {
        "merged": "C:\\Users\\Rachel\\Desktop\\Testing\\app\\build\\intermediates\\res\\merged\\debug\\drawable\\abc_btn_default_mtrl_shape.xml",
        "source": "C:\\Users\\Rachel\\Desktop\\Testing\\app\\build\\intermediates\\exploded-aar\\com.android.support\\appcompat-v7\\23.1.1\\res\\drawable\\abc_btn_default_mtrl_shape.xml"
    },
    {
        "merged": "C:\\Users\\Rachel\\Desktop\\Testing\\app\\build\\intermediates\\res\\merged\\debug\\drawable\\cat.png",
        "source": "C:\\Users\\Rachel\\Desktop\\Testing\\app\\src\\main\\res\\drawable\\cat.png"
    },
    {
        "merged": "C:\\Users\\Rachel\\Desktop\\Testing\\app\\build\\intermediates\\res\\merged\\debug\\drawable\\abc_cab_background_internal_bg.xml",
        "source": "C:\\Users\\Rachel\\Desktop\\Testing\\app\\build\\intermediates\\exploded-aar\\com.android.support\\appcompat-v7\\23.1.1\\res\\drawable\\abc_cab_background_internal_bg.xml"
    },
    {
        "merged": "C:\\Users\\Rachel\\Desktop\\Testing\\app\\build\\intermediates\\res\\merged\\debug\\drawable\\abc_cab_background_top_material.xml",
        "source": "C:\\Users\\Rachel\\Desktop\\Testing\\app\\build\\intermediates\\exploded-aar\\com.android.support\\appcompat-v7\\23.1.1\\res\\drawable\\abc_cab_background_top_material.xml"
    },
    {
        "merged": "C:\\Users\\Rachel\\Desktop\\Testing\\app\\build\\intermediates\\res\\merged\\debug\\drawable\\abc_dialog_material_background_dark.xml",
        "source": "C:\\Users\\Rachel\\Desktop\\Testing\\app\\build\\intermediates\\exploded-aar\\com.android.support\\appcompat-v7\\23.1.1\\res\\drawable\\abc_dialog_material_background_dark.xml"
    },
    {
        "merged": "C:\\Users\\Rachel\\Desktop\\Testing\\app\\build\\intermediates\\res\\merged\\debug\\drawable\\kitchen.png",
        "source": "C:\\Users\\Rachel\\Desktop\\Testing\\app\\src\\main\\res\\drawable\\kitchen.png"
    },
    {
        "merged": "C:\\Users\\Rachel\\Desktop\\Testing\\app\\build\\intermediates\\res\\merged\\debug\\drawable\\abc_btn_radio_material.xml",
        "source": "C:\\Users\\Rachel\\Desktop\\Testing\\app\\build\\intermediates\\exploded-aar\\com.android.support\\appcompat-v7\\23.1.1\\res\\drawable\\abc_btn_radio_material.xml"
    },
    {
        "merged": "C:\\Users\\Rachel\\Desktop\\Testing\\app\\build\\intermediates\\res\\merged\\debug\\drawable\\abc_ratingbar_full_material.xml",
        "source": "C:\\Users\\Rachel\\Desktop\\Testing\\app\\build\\intermediates\\exploded-aar\\com.android.support\\appcompat-v7\\23.1.1\\res\\drawable\\abc_ratingbar_full_material.xml"
    },
    {
        "merged": "C:\\Users\\Rachel\\Desktop\\Testing\\app\\build\\intermediates\\res\\merged\\debug\\drawable\\design_fab_background.xml",
        "source": "C:\\Users\\Rachel\\Desktop\\Testing\\app\\build\\intermediates\\exploded-aar\\com.android.support\\design\\23.1.1\\res\\drawable\\design_fab_background.xml"
    },
    {
        "merged": "C:\\Users\\Rachel\\Desktop\\Testing\\app\\build\\intermediates\\res\\merged\\debug\\drawable\\abc_btn_check_material.xml",
        "source": "C:\\Users\\Rachel\\Desktop\\Testing\\app\\build\\intermediates\\exploded-aar\\com.android.support\\appcompat-v7\\23.1.1\\res\\drawable\\abc_btn_check_material.xml"
    },
    {
        "merged": "C:\\Users\\Rachel\\Desktop\\Testing\\app\\build\\intermediates\\res\\merged\\debug\\drawable\\abc_item_background_holo_dark.xml",
        "source": "C:\\Users\\Rachel\\Desktop\\Testing\\app\\build\\intermediates\\exploded-aar\\com.android.support\\appcompat-v7\\23.1.1\\res\\drawable\\abc_item_background_holo_dark.xml"
    },
    {
        "merged": "C:\\Users\\Rachel\\Desktop\\Testing\\app\\build\\intermediates\\res\\merged\\debug\\drawable\\abc_text_cursor_material.xml",
        "source": "C:\\Users\\Rachel\\Desktop\\Testing\\app\\build\\intermediates\\exploded-aar\\com.android.support\\appcompat-v7\\23.1.1\\res\\drawable\\abc_text_cursor_material.xml"
    },
    {
        "merged": "C:\\Users\\Rachel\\Desktop\\Testing\\app\\build\\intermediates\\res\\merged\\debug\\drawable\\abc_edit_text_material.xml",
        "source": "C:\\Users\\Rachel\\Desktop\\Testing\\app\\build\\intermediates\\exploded-aar\\com.android.support\\appcompat-v7\\23.1.1\\res\\drawable\\abc_edit_text_material.xml"
    },
    {
        "merged": "C:\\Users\\Rachel\\Desktop\\Testing\\app\\build\\intermediates\\res\\merged\\debug\\drawable\\abc_textfield_search_material.xml",
        "source": "C:\\Users\\Rachel\\Desktop\\Testing\\app\\build\\intermediates\\exploded-aar\\com.android.support\\appcompat-v7\\23.1.1\\res\\drawable\\abc_textfield_search_material.xml"
    },
    {
        "merged": "C:\\Users\\Rachel\\Desktop\\Testing\\app\\build\\intermediates\\res\\merged\\debug\\drawable\\abc_list_selector_holo_dark.xml",
        "source": "C:\\Users\\Rachel\\Desktop\\Testing\\app\\build\\intermediates\\exploded-aar\\com.android.support\\appcompat-v7\\23.1.1\\res\\drawable\\abc_list_selector_holo_dark.xml"
    },
    {
        "merged": "C:\\Users\\Rachel\\Desktop\\Testing\\app\\build\\intermediates\\res\\merged\\debug\\drawable\\abc_list_selector_background_transition_holo_dark.xml",
        "source": "C:\\Users\\Rachel\\Desktop\\Testing\\app\\build\\intermediates\\exploded-aar\\com.android.support\\appcompat-v7\\23.1.1\\res\\drawable\\abc_list_selector_background_transition_holo_dark.xml"
    },
    {
        "merged": "C:\\Users\\Rachel\\Desktop\\Testing\\app\\build\\intermediates\\res\\merged\\debug\\drawable\\abc_tab_indicator_material.xml",
        "source": "C:\\Users\\Rachel\\Desktop\\Testing\\app\\build\\intermediates\\exploded-aar\\com.android.support\\appcompat-v7\\23.1.1\\res\\drawable\\abc_tab_indicator_material.xml"
    },
    {
        "merged": "C:\\Users\\Rachel\\Desktop\\Testing\\app\\build\\intermediates\\res\\merged\\debug\\drawable\\abc_btn_colored_material.xml",
        "source": "C:\\Users\\Rachel\\Desktop\\Testing\\app\\build\\intermediates\\exploded-aar\\com.android.support\\appcompat-v7\\23.1.1\\res\\drawable\\abc_btn_colored_material.xml"
    }
]