[
    {
        "merged": "C:\\Users\\Rachel\\Desktop\\Testing\\app\\build\\intermediates\\res\\merged\\debug\\drawable-xxxhdpi-v4\\abc_spinner_mtrl_am_alpha.9.png",
        "source": "C:\\Users\\Rachel\\Desktop\\Testing\\app\\build\\intermediates\\exploded-aar\\com.android.support\\appcompat-v7\\23.1.1\\res\\drawable-xxxhdpi\\abc_spinner_mtrl_am_alpha.9.png"
    },
    {
        "merged": "C:\\Users\\Rachel\\Desktop\\Testing\\app\\build\\intermediates\\res\\merged\\debug\\drawable-xxxhdpi-v4\\abc_btn_check_to_on_mtrl_000.png",
        "source": "C:\\Users\\Rachel\\Desktop\\Testing\\app\\build\\intermediates\\exploded-aar\\com.android.support\\appcompat-v7\\23.1.1\\res\\drawable-xxxhdpi\\abc_btn_check_to_on_mtrl_000.png"
    },
    {
        "merged": "C:\\Users\\Rachel\\Desktop\\Testing\\app\\build\\intermediates\\res\\merged\\debug\\drawable-xxxhdpi-v4\\abc_ic_ab_back_mtrl_am_alpha.png",
        "source": "C:\\Users\\Rachel\\Desktop\\Testing\\app\\build\\intermediates\\exploded-aar\\com.android.support\\appcompat-v7\\23.1.1\\res\\drawable-xxxhdpi\\abc_ic_ab_back_mtrl_am_alpha.png"
    },
    {
        "merged": "C:\\Users\\Rachel\\Desktop\\Testing\\app\\build\\intermediates\\res\\merged\\debug\\drawable-xxxhdpi-v4\\abc_ic_voice_search_api_mtrl_alpha.png",
        "source": "C:\\Users\\Rachel\\Desktop\\Testing\\app\\build\\intermediates\\exploded-aar\\com.android.support\\appcompat-v7\\23.1.1\\res\\drawable-xxxhdpi\\abc_ic_voice_search_api_mtrl_alpha.png"
    },
    {
        "merged": "C:\\Users\\Rachel\\Desktop\\Testing\\app\\build\\intermediates\\res\\merged\\debug\\drawable-xxxhdpi-v4\\abc_btn_radio_to_on_mtrl_015.png",
        "source": "C:\\Users\\Rachel\\Desktop\\Testing\\app\\build\\intermediates\\exploded-aar\\com.android.support\\appcompat-v7\\23.1.1\\res\\drawable-xxxhdpi\\abc_btn_radio_to_on_mtrl_015.png"
    },
    {
        "merged": "C:\\Users\\Rachel\\Desktop\\Testing\\app\\build\\intermediates\\res\\merged\\debug\\drawable-xxxhdpi-v4\\abc_btn_switch_to_on_mtrl_00001.9.png",
        "source": "C:\\Users\\Rachel\\Desktop\\Testing\\app\\build\\intermediates\\exploded-aar\\com.android.support\\appcompat-v7\\23.1.1\\res\\drawable-xxxhdpi\\abc_btn_switch_to_on_mtrl_00001.9.png"
    },
    {
        "merged": "C:\\Users\\Rachel\\Desktop\\Testing\\app\\build\\intermediates\\res\\merged\\debug\\drawable-xxxhdpi-v4\\abc_ic_clear_mtrl_alpha.png",
        "source": "C:\\Users\\Rachel\\Desktop\\Testing\\app\\build\\intermediates\\exploded-aar\\com.android.support\\appcompat-v7\\23.1.1\\res\\drawable-xxxhdpi\\abc_ic_clear_mtrl_alpha.png"
    },
    {
        "merged": "C:\\Users\\Rachel\\Desktop\\Testing\\app\\build\\intermediates\\res\\merged\\debug\\drawable-xxxhdpi-v4\\abc_scrubber_control_to_pressed_mtrl_000.png",
        "source": "C:\\Users\\Rachel\\Desktop\\Testing\\app\\build\\intermediates\\exploded-aar\\com.android.support\\appcompat-v7\\23.1.1\\res\\drawable-xxxhdpi\\abc_scrubber_control_to_pressed_mtrl_000.png"
    },
    {
        "merged": "C:\\Users\\Rachel\\Desktop\\Testing\\app\\build\\intermediates\\res\\merged\\debug\\drawable-xxxhdpi-v4\\abc_ic_menu_share_mtrl_alpha.png",
        "source": "C:\\Users\\Rachel\\Desktop\\Testing\\app\\build\\intermediates\\exploded-aar\\com.android.support\\appcompat-v7\\23.1.1\\res\\drawable-xxxhdpi\\abc_ic_menu_share_mtrl_alpha.png"
    },
    {
        "merged": "C:\\Users\\Rachel\\Desktop\\Testing\\app\\build\\intermediates\\res\\merged\\debug\\drawable-xxxhdpi-v4\\abc_ic_menu_copy_mtrl_am_alpha.png",
        "source": "C:\\Users\\Rachel\\Desktop\\Testing\\app\\build\\intermediates\\exploded-aar\\com.android.support\\appcompat-v7\\23.1.1\\res\\drawable-xxxhdpi\\abc_ic_menu_copy_mtrl_am_alpha.png"
    },
    {
        "merged": "C:\\Users\\Rachel\\Desktop\\Testing\\app\\build\\intermediates\\res\\merged\\debug\\drawable-xxxhdpi-v4\\abc_scrubber_control_to_pressed_mtrl_005.png",
        "source": "C:\\Users\\Rachel\\Desktop\\Testing\\app\\build\\intermediates\\exploded-aar\\com.android.support\\appcompat-v7\\23.1.1\\res\\drawable-xxxhdpi\\abc_scrubber_control_to_pressed_mtrl_005.png"
    },
    {
        "merged": "C:\\Users\\Rachel\\Desktop\\Testing\\app\\build\\intermediates\\res\\merged\\debug\\drawable-xxxhdpi-v4\\abc_ic_menu_selectall_mtrl_alpha.png",
        "source": "C:\\Users\\Rachel\\Desktop\\Testing\\app\\build\\intermediates\\exploded-aar\\com.android.support\\appcompat-v7\\23.1.1\\res\\drawable-xxxhdpi\\abc_ic_menu_selectall_mtrl_alpha.png"
    },
    {
        "merged": "C:\\Users\\Rachel\\Desktop\\Testing\\app\\build\\intermediates\\res\\merged\\debug\\drawable-xxxhdpi-v4\\abc_btn_check_to_on_mtrl_015.png",
        "source": "C:\\Users\\Rachel\\Desktop\\Testing\\app\\build\\intermediates\\exploded-aar\\com.android.support\\appcompat-v7\\23.1.1\\res\\drawable-xxxhdpi\\abc_btn_check_to_on_mtrl_015.png"
    },
    {
        "merged": "C:\\Users\\Rachel\\Desktop\\Testing\\app\\build\\intermediates\\res\\merged\\debug\\drawable-xxxhdpi-v4\\abc_btn_radio_to_on_mtrl_000.png",
        "source": "C:\\Users\\Rachel\\Desktop\\Testing\\app\\build\\intermediates\\exploded-aar\\com.android.support\\appcompat-v7\\23.1.1\\res\\drawable-xxxhdpi\\abc_btn_radio_to_on_mtrl_000.png"
    },
    {
        "merged": "C:\\Users\\Rachel\\Desktop\\Testing\\app\\build\\intermediates\\res\\merged\\debug\\drawable-xxxhdpi-v4\\abc_ic_search_api_mtrl_alpha.png",
        "source": "C:\\Users\\Rachel\\Desktop\\Testing\\app\\build\\intermediates\\exploded-aar\\com.android.support\\appcompat-v7\\23.1.1\\res\\drawable-xxxhdpi\\abc_ic_search_api_mtrl_alpha.png"
    },
    {
        "merged": "C:\\Users\\Rachel\\Desktop\\Testing\\app\\build\\intermediates\\res\\merged\\debug\\drawable-xxxhdpi-v4\\abc_switch_track_mtrl_alpha.9.png",
        "source": "C:\\Users\\Rachel\\Desktop\\Testing\\app\\build\\intermediates\\exploded-aar\\com.android.support\\appcompat-v7\\23.1.1\\res\\drawable-xxxhdpi\\abc_switch_track_mtrl_alpha.9.png"
    },
    {
        "merged": "C:\\Users\\Rachel\\Desktop\\Testing\\app\\build\\intermediates\\res\\merged\\debug\\drawable-xxxhdpi-v4\\abc_ic_menu_moreoverflow_mtrl_alpha.png",
        "source": "C:\\Users\\Rachel\\Desktop\\Testing\\app\\build\\intermediates\\exploded-aar\\com.android.support\\appcompat-v7\\23.1.1\\res\\drawable-xxxhdpi\\abc_ic_menu_moreoverflow_mtrl_alpha.png"
    },
    {
        "merged": "C:\\Users\\Rachel\\Desktop\\Testing\\app\\build\\intermediates\\res\\merged\\debug\\drawable-xxxhdpi-v4\\abc_btn_switch_to_on_mtrl_00012.9.png",
        "source": "C:\\Users\\Rachel\\Desktop\\Testing\\app\\build\\intermediates\\exploded-aar\\com.android.support\\appcompat-v7\\23.1.1\\res\\drawable-xxxhdpi\\abc_btn_switch_to_on_mtrl_00012.9.png"
    },
    {
        "merged": "C:\\Users\\Rachel\\Desktop\\Testing\\app\\build\\intermediates\\res\\merged\\debug\\drawable-xxxhdpi-v4\\abc_ic_menu_paste_mtrl_am_alpha.png",
        "source": "C:\\Users\\Rachel\\Desktop\\Testing\\app\\build\\intermediates\\exploded-aar\\com.android.support\\appcompat-v7\\23.1.1\\res\\drawable-xxxhdpi\\abc_ic_menu_paste_mtrl_am_alpha.png"
    },
    {
        "merged": "C:\\Users\\Rachel\\Desktop\\Testing\\app\\build\\intermediates\\res\\merged\\debug\\drawable-xxxhdpi-v4\\abc_tab_indicator_mtrl_alpha.9.png",
        "source": "C:\\Users\\Rachel\\Desktop\\Testing\\app\\build\\intermediates\\exploded-aar\\com.android.support\\appcompat-v7\\23.1.1\\res\\drawable-xxxhdpi\\abc_tab_indicator_mtrl_alpha.9.png"
    },
    {
        "merged": "C:\\Users\\Rachel\\Desktop\\Testing\\app\\build\\intermediates\\res\\merged\\debug\\drawable-xxxhdpi-v4\\abc_ic_menu_cut_mtrl_alpha.png",
        "source": "C:\\Users\\Rachel\\Desktop\\Testing\\app\\build\\intermediates\\exploded-aar\\com.android.support\\appcompat-v7\\23.1.1\\res\\drawable-xxxhdpi\\abc_ic_menu_cut_mtrl_alpha.png"
    }
]